{"train_loss": 5.938220500946045, "_timestamp": 1706156095.4738047, "_runtime": 8.479631662368774, "_step": 22, "val_loss": 0.005780944135040045, "test_loss": 34.028751373291016, "diff mean": 4.832584857940674, "diff std": 4.0015387535095215, "_wandb": {"runtime": 8}}