{"train_loss": 15.86137866973877, "_timestamp": 1706156306.058809, "_runtime": 8.870543003082275, "_step": 22, "val_loss": 0.2636256515979767, "test_loss": 4.469487190246582, "diff mean": 1.538706660270691, "diff std": 1.77561354637146, "_wandb": {"runtime": 7}}