{"train_loss": 13.940484046936035, "_timestamp": 1706156912.282795, "_runtime": 8.53463101387024, "_step": 22, "val_loss": 0.009885132312774658, "test_loss": 16.840383529663086, "diff mean": 2.5296785831451416, "diff std": 3.957482099533081, "_wandb": {"runtime": 8}}