{"train_loss": 12.540937423706055, "_timestamp": 1706138570.8230293, "_runtime": 27.28895616531372, "_step": 22, "val_loss": 217.7542724609375, "test_loss": 8.683420181274414, "diff mean": 1.897910237312317, "diff std": 2.602910280227661, "_wandb": {"runtime": 26}}