{"train_loss": 1.8437684774398804, "_timestamp": 1706137622.4981463, "_runtime": 81.11045932769775, "_step": 22, "val_loss": 0.05317014828324318, "test_loss": 16.19193458557129, "diff mean": 2.8539838790893555, "diff std": 4.011660575866699, "_wandb": {"runtime": 80}}