{"train_loss": 18.42314910888672, "_timestamp": 1706138804.5483327, "_runtime": 158.7775547504425, "_step": 32, "val_loss": 1352.3243408203125, "test_loss": 57.66809844970703, "diff mean": 4.259636402130127, "diff std": 6.411282539367676, "_wandb": {"runtime": 158}}