{"train_loss": 31.887739181518555, "_timestamp": 1706136495.6457536, "_runtime": 153.34016060829163, "_step": 3, "val_loss": 1285.0670166015625, "test_loss": 72.62821960449219, "mean_diff": 4.568841934204102, "_wandb": {"runtime": 152}}