{"train_loss": 22.728836059570312, "_timestamp": 1706139402.1935933, "_runtime": 259.84983229637146, "_step": 322}