{"train_loss": 10.697940826416016, "_timestamp": 1706156615.5776353, "_runtime": 10.376984357833862, "_step": 20, "val_loss": 0.11252729594707489, "test_loss": 13.098875999450684, "_wandb": {"runtime": 10}}