{"train_loss": 1.7655925441633706, "_timestamp": 1706195273.6615267, "_runtime": 1800.2063617706299, "_step": 1422, "val_loss": 75.34182205762453, "diff mean": 4.24149227142334, "diff std": 9.110602378845215, "test_loss": 67.96643485604544, "_wandb": {"runtime": 1799}}