{"train_loss": 6.226253345965112, "_timestamp": 1706194269.1174915, "_runtime": 795.6623265743256, "_step": 43, "val_loss": 77.66928532118159}