{"train_loss": 19.639724731445312, "_timestamp": 1706155876.4818335, "_runtime": 8.865966558456421, "_step": 22, "val_loss": 0.014797558076679707, "test_loss": 0.010934993624687195, "diff mean": 0.10071190446615219, "diff std": 0.03446968272328377, "_wandb": {"runtime": 8}}