{"train_loss": 1.161945104598999, "_timestamp": 1706137436.1767654, "_runtime": 81.25047254562378, "_step": 21, "val_loss": 0.6149389147758484, "test_loss": 13.354899406433105, "diff": [0.10037112236022949, 5.167177677154541], "_wandb": {"runtime": 80}}