{"train_loss": 42.07560729980469, "_timestamp": 1706138983.994279, "_runtime": 8.520879983901978, "_step": 22, "val_loss": 20.26107406616211, "test_loss": 0.5090849995613098, "diff mean": 0.6877186298370361, "diff std": 0.2194785326719284, "_wandb": {"runtime": 8}}