{"train_loss": 23.725543975830078, "_timestamp": 1706160446.5388885, "_runtime": 583.7069065570831, "_step": 31267, "val_loss": 18.259662628173828}