{"train_loss": 25.61415399543813, "_timestamp": 1706192745.8081908, "_runtime": 355.94734477996826, "_step": 1342, "val_loss": 65.02474787592347, "diff mean": 2.9654338359832764, "diff std": 4.269596099853516, "test_loss": 53.25072705763732, "_wandb": {"runtime": 355}}