{"train_loss": 7.253406047821045, "_timestamp": 1706192422.4884765, "_runtime": 392.45951557159424, "_step": 39422, "val_loss": 165.36204528808594, "test_loss": 24.103748321533203, "diff mean": 2.9022371768951416, "diff std": 4.023257255554199, "_wandb": {"runtime": 390}}