{"train_loss": 26.68684959411621, "_timestamp": 1706154767.4738586, "_runtime": 15358.025283575058, "_step": 21558, "val_loss": 26.62520408630371}