{"train_loss": 6.200850486755371, "_timestamp": 1706155552.1984022, "_runtime": 670.613950252533, "_step": 837}