{"train_loss": 3.775339365005493, "_timestamp": 1706191883.4107897, "_runtime": 388.06512570381165, "_step": 37440, "val_loss": 114.4442138671875, "test_loss": 12.982173919677734, "_wandb": {"runtime": 387}}