{"train_loss": 8.112325668334961, "_timestamp": 1706138459.5201685, "_runtime": 83.99036765098572, "_step": 22, "val_loss": 0.02174128219485283, "test_loss": 0.04865741357207298, "diff mean": 0.19211477041244507, "diff std": 0.1532927304506302, "_wandb": {"runtime": 83}}