{"train_loss": 13.124124526977539, "_timestamp": 1706157336.1715903, "_runtime": 9.45876431465149, "_step": 20, "val_loss": 49.78512191772461, "test_loss": 0.036316126585006714, "_wandb": {"runtime": 9}}