{"train_loss": 17.832603454589844, "_timestamp": 1706156254.3012912, "_runtime": 10.81723928451538, "_step": 19, "val_loss": 0.30359089374542236, "_wandb": {"runtime": 10}}